{"cameraMode":{"drawMode":0,"name":"Shaded","section":"Shading Mode"},"sceneLighting":true,"audioPlay":false,"sceneViewState":{"showFog":true,"showMaterialUpdate":false,"showSkybox":true,"showFlares":true,"showImageEffects":true,"showParticleSystems":true},"in2DMode":false,"pivot":{"x":-1.0865542888641358,"y":0.2623720169067383,"z":0.2649955749511719},"rotation":{"x":0.19668292999267579,"y":0.016176970675587655,"z":-0.0032453741878271105,"w":0.9803293943405151},"size":6.70966911315918,"orthographic":false}