{"cameraMode":{"drawMode":0,"name":"Shaded","section":"Shading Mode"},"sceneLighting":false,"audioPlay":false,"sceneViewState":{"showFog":true,"showMaterialUpdate":false,"showSkybox":false,"showFlares":true,"showImageEffects":true,"showParticleSystems":true},"in2DMode":false,"pivot":{"x":1.209580898284912,"y":0.9345568418502808,"z":0.20273566246032716},"rotation":{"x":0.07037809491157532,"y":0.28470274806022646,"z":-0.020963387563824655,"w":0.9558001160621643},"size":22.0,"orthographic":false}