{
   "configuration" : {
      "default_parameters" : {
         "absolute_regularization" : 0.0010000000474974513,
         "covariance_mode" : 0,
         "gaussians" : 1,
         "relative_regularization" : 0.0010000000474974513
      },
      "multiClass_regression_estimator" : 0,
      "multithreading" : 2
   },
   "models" : [
      {
         "components" : [
            {
               "bimodal" : true,
               "covariance" : [
                  0.05541876747331953,
                  -0.020469310494680374,
                  0.0040274638646783491,
                  0.06457617383252863,
                  0,
                  -0.020469310494680374,
                  0.011744280446830246,
                  0.0015613747789691016,
                  -0.026264884995653701,
                  0,
                  0.0040274638646783491,
                  0.0015613747789691016,
                  0.0046165304500671786,
                  0.0031734812893351779,
                  0,
                  0.06457617383252863,
                  -0.026264884995653701,
                  0.0031734812893351779,
                  0.084240738468900206,
                  0,
                  0,
                  0,
                  0,
                  0,
                  0.0010000000474974513
               ],
               "covariance_determinant" : 3.6916100831698605e-12,
               "covariance_determinant_input" : 4.8735254644725066e-07,
               "covariance_mode" : 0,
               "dimension" : 5,
               "dimension_input" : 3,
               "inverse_covariance" : [
                  216.36422787227818,
                  127.25956932070929,
                  -148.91512088619561,
                  -120.57036621698788,
                  0,
                  127.25956932070932,
                  549.13836688387232,
                  -356.61724277172993,
                  87.093706244017838,
                  0,
                  -148.91512088619558,
                  -356.61724277172993,
                  477.46503230015986,
                  -15.020861705897076,
                  0,
                  -120.57036621698784,
                  87.093706244017838,
                  -15.020861705897078,
                  132.01626353148905,
                  0,
                  0,
                  0,
                  0,
                  0,
                  999.99995250255097
               ],
               "inverse_covariance_input" : [
                  106.24739210657654,
                  206.80219366207518,
                  -162.63366395299553,
                  206.80219366207518,
                  491.68094865062562,
                  -346.70768707041003,
                  -162.63366395299551,
                  -346.70768707041003,
                  475.75595282500967
               ],
               "mean" : [
                  -0.42228096624215444,
                  0.6344513098398844,
                  0.38554353713989259,
                  0.48333333594103656,
                  0
               ],
               "output_covariance" : [ 0.007574824292474136, 0, 0, 0.0010000000474974513 ]
            }
         ],
         "label" : "1",
         "mixture_coeffs" : [ 1 ],
         "parameters" : {
            "absolute_regularization" : 0.0010000000474974513,
            "covariance_mode" : 0,
            "gaussians" : 1,
            "relative_regularization" : 0.0010000000474974513
         }
      }
   ],
   "shared_parameters" : {
      "bimodal" : true,
      "column_names" : [ "", "", "", "", "" ],
      "dimension" : 5,
      "dimension_input" : 3,
      "em_algorithm_max_iterations" : 0,
      "em_algorithm_min_iterations" : 10,
      "em_algorithm_percent_chg" : 0.0099999997764825821,
      "likelihood_window" : 1
   }
}
