{
   "configuration" : {
      "default_parameters" : {
         "absolute_regularization" : 0.0010000000474974513,
         "covariance_mode" : 0,
         "gaussians" : 1,
         "relative_regularization" : 0.0010000000474974513
      },
      "multiClass_regression_estimator" : 0,
      "multithreading" : 2
   },
   "models" : [
      {
         "components" : [
            {
               "bimodal" : true,
               "covariance" : [
                  0.0013175355355766656,
                  -0.0029802259471431499,
                  -0.0015640944073125461,
                  0.0028400147829940841,
                  -0.0029802259471431499,
                  0.096496063635340787,
                  0.072124612064086477,
                  -0.088813891649489315,
                  -0.0015640944073125461,
                  0.072124612064086477,
                  0.061278686984307405,
                  -0.066130576741474587,
                  0.0028400147829940841,
                  -0.088813891649489315,
                  -0.066130576741474587,
                  0.084324291070751581
               ],
               "covariance_determinant" : 2.1287843747256932e-09,
               "covariance_determinant_input" : 8.2908917365081749e-07,
               "covariance_mode" : 0,
               "dimension" : 4,
               "dimension_input" : 3,
               "inverse_covariance" : [
                  859.38404501370576,
                  60.863698100863985,
                  -76.508596685642729,
                  -24.840755866369712,
                  60.8636981008638,
                  438.33798661653589,
                  -119.41107411765918,
                  365.97906788506299,
                  -76.508596685642701,
                  -119.41107411765915,
                  142.94828480502014,
                  -11.086059812547431,
                  -24.840755866369889,
                  365.97906788506293,
                  -11.086059812547433,
                  389.46601802150616
               ],
               "inverse_covariance_input" : [
                  857.79966249132997,
                  84.206419305958661,
                  -77.215683036134692,
                  84.206419305958647,
                  94.429476163068358,
                  -108.99356488970358,
                  -77.215683036134664,
                  -108.99356488970355,
                  142.63272268539873
               ],
               "mean" : [
                  0.14649283668647209,
                  0.40751258780558902,
                  0.49626868839065236,
                  0.50520833334303461
               ],
               "output_covariance" : [ 0.0025676181071714321 ]
            }
         ],
         "label" : "1",
         "mixture_coeffs" : [ 1 ],
         "parameters" : {
            "absolute_regularization" : 0.0010000000474974513,
            "covariance_mode" : 0,
            "gaussians" : 1,
            "relative_regularization" : 0.0010000000474974513
         }
      }
   ],
   "shared_parameters" : {
      "bimodal" : true,
      "column_names" : [ "", "", "", "" ],
      "dimension" : 4,
      "dimension_input" : 3,
      "em_algorithm_max_iterations" : 0,
      "em_algorithm_min_iterations" : 10,
      "em_algorithm_percent_chg" : 0.0099999997764825821,
      "likelihood_window" : 1
   }
}
