{
   "configuration" : {
      "default_parameters" : {
         "absolute_regularization" : 0.0010000000474974513,
         "covariance_mode" : 0,
         "gaussians" : 1,
         "relative_regularization" : 0.0010000000474974513
      },
      "multiClass_regression_estimator" : 0,
      "multithreading" : 2
   },
   "models" : [
      {
         "components" : [
            {
               "bimodal" : true,
               "covariance" : [
                  0.048979526036527922,
                  0.010147563184917809,
                  -0.072056386193728464,
                  0.056564061359984659,
                  0.010147563184917809,
                  0.096650006389310261,
                  0.041572202483160431,
                  -0.00039745561930686914,
                  -0.072056386193728464,
                  0.041572202483160431,
                  0.32675006953013586,
                  -0.0444229046846467,
                  0.056564061359984659,
                  -0.00039745561930686914,
                  -0.0444229046846467,
                  0.084327825301220571
               ],
               "covariance_determinant" : 5.2987546023251525e-06,
               "covariance_determinant_input" : 0.00086588400869278849,
               "covariance_mode" : 0,
               "dimension" : 4,
               "dimension_input" : 3,
               "inverse_covariance" : [
                  439.35881634220897,
                  -78.094423423749461,
                  71.855008127443142,
                  -257.2217397924926,
                  -78.094423423749461,
                  24.869026157843781,
                  -14.270227711174043,
                  44.982745773596044,
                  71.855008127443128,
                  -14.270227711174041,
                  15.252370412994992,
                  -40.230235533122183,
                  -257.22173979249249,
                  44.982745773596029,
                  -40.230235533122176,
                  163.41274010176446
               ],
               "inverse_covariance_input" : [
                  34.475920549175676,
                  -7.2888049553101641,
                  8.5301341326296356,
                  -7.288804955310165,
                  12.486592474448713,
                  -3.1960210350521905,
                  8.5301341326296356,
                  -3.1960210350521905,
                  5.348174142602665
               ],
               "mean" : [
                  0.37188505726616555,
                  0.43725471513542702,
                  0.32451827060885546,
                  0.50406504001438135
               ],
               "output_covariance" : [ 0.006119473912359924 ]
            }
         ],
         "label" : "1",
         "mixture_coeffs" : [ 1 ],
         "parameters" : {
            "absolute_regularization" : 0.0010000000474974513,
            "covariance_mode" : 0,
            "gaussians" : 1,
            "relative_regularization" : 0.0010000000474974513
         }
      }
   ],
   "shared_parameters" : {
      "bimodal" : true,
      "column_names" : [ "", "", "", "" ],
      "dimension" : 4,
      "dimension_input" : 3,
      "em_algorithm_max_iterations" : 0,
      "em_algorithm_min_iterations" : 10,
      "em_algorithm_percent_chg" : 0.0099999997764825821,
      "likelihood_window" : 1
   }
}
