{
   "configuration" : {
      "default_parameters" : {
         "absolute_regularization" : 0.001,
         "covariance_mode" : 0,
         "gaussians" : 1,
         "relative_regularization" : 0.001
      },
      "multiClass_regression_estimator" : 0,
      "multithreading" : 2
   },
   "models" : [
      {
         "components" : [
            {
               "bimodal" : true,
               "covariance" : [
                  0.0018804046164811361,
                  -0.0026297452053574088,
                  -0.0031596972594375213,
                  -0.0019446563068351338,
                  -0.0026297452053574088,
                  0.11572647820737526,
                  0.089761222867919363,
                  0.095824523274493201,
                  -0.0031596972594375213,
                  0.089761222867919363,
                  0.075020962276828029,
                  0.074308833358164475,
                  -0.0019446563068351338,
                  0.095824523274493201,
                  0.074308833358164475,
                  0.084272461386886072
               ],
               "covariance_determinant" : 4.8570509448439646e-09,
               "covariance_determinant_input" : 9.9244072611606209e-07,
               "covariance_mode" : 0,
               "dimension" : 4,
               "dimension_input" : 3,
               "inverse_covariance" : [
                  633.86234316156686,
                  -63.058937764717712,
                  131.3977964432176,
                  -29.532540829784239,
                  -63.058937764717285,
                  266.25254238179116,
                  -157.22057026977973,
                  -165.5733500493447,
                  131.39779644321749,
                  -157.22057026978027,
                  212.4514829057826,
                  -5.5286398862681878,
                  -29.532540829784605,
                  -165.57335004934421,
                  -5.5286398862687891,
                  204.32989840668529
               ],
               "inverse_covariance_input" : [
                  629.59389799194719,
                  -86.989854183635828,
                  130.59872208137637,
                  -86.989854183635771,
                  132.08454024243417,
                  -161.70055794815661,
                  130.59872208137634,
                  -161.70055794815664,
                  212.30189217417461
               ],
               "mean" : [
                  -0.32376085906415375,
                  0.47263325307820292,
                  0.41080876943227407,
                  0.48648648522794247
               ],
               "output_covariance" : [ 0.0048940463818452629 ]
            }
         ],
         "label" : "1",
         "mixture_coeffs" : [ 1 ],
         "parameters" : {
            "absolute_regularization" : 0.001,
            "covariance_mode" : 0,
            "gaussians" : 1,
            "relative_regularization" : 0.001
         }
      }
   ],
   "shared_parameters" : {
      "bimodal" : true,
      "column_names" : [ "", "", "", "" ],
      "dimension" : 4,
      "dimension_input" : 3,
      "em_algorithm_max_iterations" : 0,
      "em_algorithm_min_iterations" : 10,
      "em_algorithm_percent_chg" : 0.01,
      "likelihood_window" : 1
   }
}
