{"cameraMode":{"drawMode":0,"name":"Shaded","section":"Shading Mode"},"sceneLighting":true,"audioPlay":false,"sceneViewState":{"showFog":true,"showMaterialUpdate":true,"showSkybox":true,"showFlares":true,"showImageEffects":true,"showParticleSystems":true},"in2DMode":false,"pivot":{"x":-13.596724510192871,"y":-66.78575897216797,"z":-92.05045318603516},"rotation":{"x":-0.018336595967411996,"y":0.9522139430046082,"z":-0.29925644397735598,"w":-0.05835236608982086},"size":161.02256774902345,"orthographic":false}